car_angle,car_pos_x,car_pos_y,car_bot1_angle,car_bot1_pos_x,car_bot1_pos_y
0.0,62.0,60.0,0.0,4.0,-32.0,1.5707963705062866,32.0,4.0,3.1415927410125732,-4.0,32.0
0.0,62.0,60.0,-7.522871214860061e-13,4.0,-31.99546241760254,1.5197803974151611,31.861652374267578,4.084995746612549,3.1433722972869873,-3.9921653270721436,31.716392517089844
0.0,62.0,60.0,-1.2883272226815734e-09,4.0,-31.983591079711914,1.5193815231323242,31.849870681762695,4.086750030517578,3.143386125564575,-3.9921045303344727,31.70452117919922
0.0,62.0,60.0,-1.0820055962312836e-09,4.0,-31.96611213684082,1.5193486213684082,31.832414627075195,4.087531566619873,3.143383026123047,-3.9920902252197266,31.687042236328125
0.0,62.0,60.0,-8.754796887444627e-10,4.0,-31.943479537963867,1.5193848609924316,31.809804916381836,4.088392734527588,3.1433820724487305,-3.992058753967285,31.664409637451172
0.0,62.0,60.0,-6.653331219297343e-10,4.0,-31.91607093811035,1.519485592842102,31.782407760620117,4.089138507843018,3.1433773040771484,-3.992039442062378,31.637001037597656
0.0,62.0,60.0,-4.532152431124814e-10,4.0,-31.884145736694336,1.5196586847305298,31.750484466552734,4.089678764343262,3.1433701515197754,-3.992027521133423,31.60507583618164
0.0,62.0,60.0,-2.427777978653012e-10,4.0,-31.84791374206543,1.5199084281921387,31.714242935180664,4.089971542358398,3.143359899520874,-3.9920270442962646,31.568843841552734
0.0,62.0,60.0,-2.9394708889185495e-11,4.0,-31.807546615600586,1.520236611366272,31.67385482788086,4.089993000030518,3.1433465480804443,-3.9920380115509033,31.52847671508789
0.0,62.0,60.0,1.8388490730103513e-10,4.0,-31.763193130493164,1.5206435918807983,31.629472732543945,4.089731693267822,3.1433300971984863,-3.9920613765716553,31.48412322998047
0.0,62.0,60.0,3.943281257079434e-10,4.0,-31.714982986450195,1.521128535270691,31.581222534179688,4.089181423187256,3.143310546875,-3.9920969009399414,31.4359130859375
0.0,62.0,60.0,5.958882276502209e-10,4.0,-31.66303825378418,1.521689534187317,31.529224395751953,4.088343620300293,3.1432878971099854,-3.992145538330078,31.383968353271484
0.0,62.0,60.0,8.165046416763744e-10,4.0,-31.60746192932129,1.5223242044448853,31.473583221435547,4.087221145629883,3.1432623863220215,-3.99220609664917,31.328392028808594
0.0,62.0,60.0,1.0269389782990856e-09,4.0,-31.54835319519043,1.5230294466018677,31.41440200805664,4.085822105407715,3.1432340145111084,-3.992279052734375,31.269283294677734
0.0,62.0,60.0,1.2275149785523354e-09,4.0,-31.485803604125977,1.5238019227981567,31.351768493652344,4.0841546058654785,3.143203020095825,-3.992363214492798,31.20673370361328
0.0,62.0,60.0,1.441739616581117e-09,4.0,-31.419893264770508,1.5246381759643555,31.285770416259766,4.08222770690918,3.143169403076172,-3.9924590587615967,31.140823364257812
0.0,62.0,60.0,1.6487669007858585e-09,4.0,-31.3507022857666,1.5255260467529297,31.21648406982422,4.080098628997803,3.1431334018707275,-3.992565870285034,31.071632385253906
0.0,62.0,60.0,1.8584516148223429e-09,4.0,-31.27830696105957,1.5264700651168823,31.143985748291016,4.077735424041748,3.1430952548980713,-3.992682456970215,30.999235153198242
0.0,62.0,60.0,2.0563915015259226e-09,4.0,-31.20277214050293,1.5274631977081299,31.068347930908203,4.075161933898926,3.143054962158203,-3.9928090572357178,30.9237003326416
0.0,62.0,60.0,2.2653754427892636e-09,4.0,-31.124162673950195,1.5285019874572754,30.98963165283203,4.0723876953125,3.143012762069702,-3.9929451942443848,30.845090866088867
0.0,62.0,60.0,2.4720976377068382e-09,4.0,-31.042543411254883,1.529582142829895,30.907901763916016,4.069426536560059,3.1429688930511475,-3.9930899143218994,30.763471603393555
0.0,62.0,60.0,2.6821829202106073e-09,4.0,-30.95796775817871,1.530689001083374,30.82321548461914,4.066349983215332,3.142923593521118,-3.993242025375366,30.678895950317383
0.0,62.0,60.0,2.8919600048027405e-09,4.0,-30.870492935180664,1.5318293571472168,30.73563003540039,4.06311559677124,3.1428768634796143,-3.9934020042419434,30.591421127319336
0.0,62.0,60.0,3.1029849800745524e-09,4.0,-30.780168533325195,1.5329961776733398,30.64519691467285,4.059746265411377,3.142828941345215,-3.9935688972473145,30.501094818115234
0.0,62.0,60.0,3.2902085500552403e-09,4.0,-30.687044143676758,1.5341746807098389,30.55196762084961,4.056317329406738,3.142780065536499,-3.993741989135742,30.407970428466797
0.0,62.0,60.0,3.5044425139574287e-09,4.0,-30.591169357299805,1.5353730916976929,30.45598602294922,4.0527777671813965,3.142730474472046,-3.99392032623291,30.312095642089844
0.0,62.0,60.0,3.711189133781545e-09,4.0,-30.492586135864258,1.5365846157073975,30.3572998046875,4.049151420593262,3.1426801681518555,-3.9941039085388184,30.213512420654297
0.0,62.0,60.0,3.9185810152275735e-09,4.0,-30.39133644104004,1.537793755531311,30.255956649780273,4.045518398284912,3.142629384994507,-3.9942920207977295,30.112262725830078
0.0,62.0,60.0,4.135254805248678e-09,4.0,-30.287466049194336,1.5390106439590454,30.151992797851562,4.0418195724487305,3.142578363418579,-3.994483709335327,30.008392333984375
0.0,62.0,60.0,4.3454431164491325e-09,4.0,-30.18100929260254,1.5402286052703857,30.045448303222656,4.038077354431152,3.1425271034240723,-3.9946789741516113,29.901935577392578
0.0,62.0,60.0,4.561143462922246e-09,4.0,-30.072004318237305,1.5414315462112427,29.936365127563477,4.034378528594971,3.1424758434295654,-3.9948770999908447,29.792930603027344
0.0,62.0,60.0,4.775177586680002e-09,4.0,-29.96048927307129,1.5426321029663086,29.82477569580078,4.030651092529297,3.1424245834350586,-3.9950780868530273,29.681415557861328
0.0,62.0,60.0,4.981213663768358e-09,4.0,-29.846494674682617,1.5438084602355957,29.71071434020996,4.027005195617676,3.1423730850219727,-3.9952828884124756,29.567420959472656
0.0,62.0,60.0,5.177680506562865e-09,4.0,-29.730058670043945,1.5449758768081665,29.594215393066406,4.023357391357422,3.1423370838165283,-3.9954023361206055,29.450984954833984
0.0,62.0,60.0,5.397173374888098e-09,4.0,-29.611207962036133,1.5461277961730957,29.475313186645508,4.019731044769287,3.1422994136810303,-3.995525598526001,29.33213233947754
0.0,62.0,60.0,5.603739694493015e-09,4.0,-29.48997688293457,1.5472475290298462,29.354034423828125,4.016218662261963,3.1422643661499023,-3.995638608932495,29.210901260375977
0.0,62.0,60.0,5.791665813603686e-09,4.0,-29.366395950317383,1.5483506917953491,29.230411529541016,4.0127363204956055,3.14223051071167,-3.9957473278045654,29.08732032775879
0.0,62.0,60.0,5.985770101801791e-09,4.0,-29.24049186706543,1.549431562423706,29.104467391967773,4.009302139282227,3.142198085784912,-3.995851516723633,28.961416244506836
0.0,62.0,60.0,6.183034528817188e-09,4.0,-29.11229133605957,1.5504727363586426,28.97623634338379,4.006015777587891,3.142167091369629,-3.99595046043396,28.833215713500977
0.0,62.0,60.0,6.354120785090345e-09,4.0,-28.981821060180664,1.5514918565750122,28.845741271972656,4.002783298492432,3.142137289047241,-3.9960455894470215,28.70274543762207
0.0,62.0,60.0,6.543601216435491e-09,4.0,-28.84910774230957,1.5524834394454956,28.7130126953125,3.999622344970703,3.14210844039917,-3.996137857437134,28.570032119750977
0.0,62.0,60.0,6.732725488234337e-09,4.0,-28.71417808532715,1.5534296035766602,28.57806968688965,3.9966373443603516,3.142080783843994,-3.9962265491485596,28.435102462768555
0.0,62.0,60.0,6.923619011445226e-09,4.0,-28.577051162719727,1.5543501377105713,28.440935134887695,3.9937233924865723,3.1420540809631348,-3.996312141418457,28.297975540161133
0.0,62.0,60.0,8.399510420531442e-09,4.0,-28.437753677368164,1.5552399158477783,28.3016357421875,3.9908976554870605,3.142028570175171,-3.996393918991089,28.15867805480957
0.0,62.0,60.0,9.875369855194549e-09,4.0,-28.296308517456055,1.5560802221298218,28.16019058227539,3.9882700443267822,3.1420040130615234,-3.9964728355407715,28.01723289489746
0.0,62.0,60.0,1.1346410033752363e-08,4.0,-28.152738571166992,1.5568928718566895,28.016624450683594,3.9857263565063477,3.1419804096221924,-3.996548891067505,27.8736629486084
0.0,62.0,60.0,1.1527816923262435e-08,4.0,-28.007062911987305,1.5576725006103516,27.870956420898438,3.9832849502563477,3.1419577598571777,-3.996622085571289,27.72798728942871
0.0,62.0,60.0,1.1686312362257922e-08,4.0,-27.859304428100586,1.5584217309951782,27.723209381103516,3.9809350967407227,3.1419360637664795,-3.996692180633545,27.580228805541992
0.0,62.0,60.0,1.1846063685538866e-08,4.0,-27.709482192993164,1.5591185092926025,27.573400497436523,3.9788036346435547,3.1419150829315186,-3.996760606765747,27.43040657043457
0.0,62.0,60.0,1.2022697504221469e-08,4.0,-27.557615280151367,1.5597877502441406,27.421550750732422,3.976762056350708,3.141895055770874,-3.996825933456421,27.278539657592773
0.0,62.0,60.0,1.2187603815050352e-08,4.0,-27.403722763061523,1.5604239702224731,27.26767921447754,3.9748294353485107,3.141875982284546,-3.9968883991241455,27.12464714050293
0.0,62.0,60.0,1.2363528867354034e-08,4.0,-27.24782371520996,1.5610305070877075,27.11180305480957,3.972991466522217,3.141857862472534,-3.996948003768921,26.968748092651367
0.0,62.0,60.0,1.254261405847501e-08,4.0,-27.089935302734375,1.5615837574005127,26.95393943786621,3.9713857173919678,3.1418404579162598,-3.9970052242279053,26.81085968017578
0.0,62.0,60.0,1.2696872886408528e-08,4.0,-26.930076599121094,1.562111258506775,26.79410743713379,3.9698705673217773,3.1418240070343018,-3.9970593452453613,26.6510009765625
0.0,62.0,60.0,1.1358226359448054e-08,4.0,-26.76826286315918,1.5626074075698853,26.632322311401367,3.9684646129608154,3.141808271408081,-3.9971115589141846,26.489187240600586
0.0,62.0,60.0,1.1522081067028012e-08,4.0,-26.604511260986328,1.5630756616592407,26.46860122680664,3.967154026031494,3.1417934894561768,-3.9971606731414795,26.325435638427734
0.0,62.0,60.0,1.168309182730809e-08,4.0,-26.438838958740234,1.5635164976119995,26.302959442138672,3.965937614440918,3.1417794227600098,-3.9972074031829834,26.15976333618164
0.0,62.0,60.0,1.0333346622815043e-08,4.0,-26.27126121520996,1.5639312267303467,26.135414123535156,3.964810848236084,3.14176607131958,-3.9972522258758545,25.992185592651367
0.0,62.0,60.0,1.0493305779846196e-08,4.0,-26.101795196533203,1.5643213987350464,25.965980529785156,3.963768720626831,3.1417534351348877,-3.9972944259643555,25.82271957397461
0.0,62.0,60.0,1.0656263427222257e-08,4.0,-25.93045425415039,1.5646604299545288,25.794673919677734,3.9629669189453125,3.1417415142059326,-3.9973344802856445,25.651378631591797
0.0,62.0,60.0,9.328042338552223e-09,4.0,-25.757253646850586,1.5649800300598145,25.62150764465332,3.962242603302002,3.141730308532715,-3.9973723888397217,25.478178024291992
0.0,62.0,60.0,7.994620077056425e-09,4.0,-25.58220672607422,1.5652740001678467,25.446495056152344,3.961615800857544,3.1417198181152344,-3.9974076747894287,25.303131103515625
0.0,62.0,60.0,6.665446861120472e-09,4.0,-25.40532875061035,1.5655462741851807,25.2696533203125,3.9610702991485596,3.141709804534912,-3.9974417686462402,25.126253128051758
0.0,62.0,60.0,5.3453099724265485e-09,4.0,-25.226633071899414,1.5657974481582642,25.090993881225586,3.9606049060821533,3.141700506210327,-3.9974734783172607,24.94755744934082
0.0,62.0,60.0,4.017341126427709e-09,4.0,-25.046133041381836,1.5660289525985718,24.91053009033203,3.960214138031006,3.1416916847229004,-3.9975035190582275,24.767057418823242
0.0,62.0,60.0,2.720299985270458e-09,4.0,-24.863842010498047,1.566241979598999,24.7282772064209,3.9598946571350098,3.141683578491211,-3.9975314140319824,24.584766387939453
0.0,62.0,60.0,1.4009509108348084e-09,4.0,-24.679773330688477,1.5664374828338623,24.544246673583984,3.9596431255340576,3.1416759490966797,-3.9975576400756836,24.400697708129883
0.0,62.0,60.0,1.095421531260854e-10,4.0,-24.493940353393555,1.5666165351867676,24.358449935913086,3.959456205368042,3.1416687965393066,-3.99758243560791,24.21486473083496
0.0,62.0,60.0,-1.2051182274319672e-09,4.0,-24.306354522705078,1.5667800903320312,24.170900344848633,3.9593305587768555,3.141662120819092,-3.997605562210083,24.027278900146484
0.0,62.0,60.0,-2.4994935010624886e-09,4.0,-24.117027282714844,1.5669289827346802,23.981611251831055,3.9592642784118652,3.141655921936035,-3.997627019882202,23.83795166015625
0.0,62.0,60.0,-3.780546542486718e-09,4.0,-23.92597198486328,1.5670640468597412,23.79059410095215,3.959254741668701,3.1416501998901367,-3.9976470470428467,23.646896362304688
0.0,62.0,60.0,-5.05199482248031e-09,4.0,-23.733200073242188,1.5671861171722412,23.597858428955078,3.959299087524414,3.1416449546813965,-3.9976654052734375,23.454124450683594
0.0,62.0,60.0,-6.314390788020319e-09,4.0,-23.538721084594727,1.5672959089279175,23.403417587280273,3.959395408630371,3.1416401863098145,-3.9976820945739746,23.259645462036133
0.0,62.0,60.0,-7.581304473092132e-09,4.0,-23.342548370361328,1.5673942565917969,23.2072811126709,3.959540843963623,3.1416356563568115,-3.9976978302001953,23.063472747802734
0.0,62.0,60.0,-8.836671838707844e-09,4.0,-23.144691467285156,1.5674816370010376,23.00946044921875,3.9597346782684326,3.141631603240967,-3.9977121353149414,22.865615844726562
0.0,62.0,60.0,-1.009356331849176e-08,4.0,-22.945161819458008,1.5675588846206665,22.809968948364258,3.9599742889404297,3.141627788543701,-3.99772572517395,22.666086196899414
0.0,62.0,60.0,-1.1333133542734686e-08,4.0,-22.74397087097168,1.5676264762878418,22.608814239501953,3.9602580070495605,3.1416242122650146,-3.9977383613586426,22.464895248413086
0.0,62.0,60.0,-1.2567332063895265e-08,4.0,-22.541128158569336,1.5676850080490112,22.406009674072266,3.9605846405029297,3.1416211128234863,-3.9977493286132812,22.262052536010742
0.0,62.0,60.0,-1.3790177888495236e-08,4.0,-22.33664321899414,1.5677350759506226,22.201560974121094,3.9609522819519043,3.141618251800537,-3.9977595806121826,22.057567596435547
0.0,62.0,60.0,-1.5025834798620963e-08,4.0,-22.13052749633789,1.567777156829834,21.995481491088867,3.961359977722168,3.141615629196167,-3.9977688789367676,21.851451873779297
0.0,62.0,60.0,-1.6240297995295805e-08,4.0,-21.92279052734375,1.5678116083145142,21.78778076171875,3.961806535720825,3.141613245010376,-3.9977774620056152,21.643714904785156
0.0,62.0,60.0,-1.7452572720344506e-08,4.0,-21.713441848754883,1.5678390264511108,21.578468322753906,3.9622905254364014,3.141611099243164,-3.9977853298187256,21.43436622619629
0.0,62.0,60.0,-1.866101406733378e-08,4.0,-21.50248908996582,1.5678597688674927,21.3675537109375,3.962811231613159,3.141608953475952,-3.997792959213257,21.223413467407227
0.0,62.0,60.0,-1.983751118928012e-08,4.0,-21.28994369506836,1.5678741931915283,21.155044555664062,3.9633679389953613,3.1416070461273193,-3.997799873352051,21.010868072509766
0.0,62.0,60.0,-2.1015800655277417e-08,4.0,-21.075815200805664,1.5678826570510864,20.94095230102539,3.9639599323272705,3.1416053771972656,-3.9978060722351074,20.79673957824707
0.0,62.0,60.0,-2.2196065430080125e-08,4.0,-20.860111236572266,1.5678855180740356,20.725284576416016,3.9645862579345703,3.141603946685791,-3.9978113174438477,20.581035614013672
0.0,62.0,60.0,-2.300566492863254e-08,4.0,-20.642841339111328,1.5678828954696655,20.50804901123047,3.965247392654419,3.1416025161743164,-3.997816562652588,20.363765716552734
0.0,62.0,60.0,-2.379730190682494e-08,4.0,-20.424013137817383,1.5678744316101074,20.289257049560547,3.9659454822540283,3.141601324081421,-3.9978208541870117,20.14493751525879
0.0,62.0,60.0,-2.4599380310519336e-08,4.0,-20.203636169433594,1.5679117441177368,20.06891632080078,3.9663829803466797,3.1416001319885254,-3.9978253841400146,19.924560546875
0.0,62.0,60.0,-2.500635432056697e-08,4.0,-19.981718063354492,1.5679377317428589,19.84703254699707,3.9668564796447754,3.141599178314209,-3.997828960418701,19.7026424407959
0.0,62.0,60.0,-2.5429592653836153e-08,4.0,-19.758268356323242,1.5679652690887451,19.62361717224121,3.9673280715942383,3.1415982246398926,-3.9978325366973877,19.47919273376465
0.0,62.0,60.0,-2.5846375706350955e-08,4.0,-19.533294677734375,1.5679891109466553,19.398677825927734,3.9678213596343994,3.1415975093841553,-3.997835159301758,19.25421905517578
0.0,62.0,60.0,-2.5922707536096823e-08,4.0,-19.306804656982422,1.568009614944458,19.172222137451172,3.968336582183838,3.141596794128418,-3.997838020324707,19.027729034423828
0.0,62.0,60.0,-2.5992010321829184e-08,4.0,-19.078807830810547,1.5680261850357056,18.944259643554688,3.968876838684082,3.1415963172912598,-3.9978394508361816,18.799732208251953
0.0,62.0,60.0,-2.6064105540513083e-08,4.0,-18.84930992126465,1.5680383443832397,18.714794158935547,3.969444990158081,3.1415958404541016,-3.9978413581848145,18.570234298706055
0.0,62.0,60.0,-2.6141590225847722e-08,4.0,-18.61832046508789,1.5680458545684814,18.483837127685547,3.970043659210205,3.1415953636169434,-3.9978432655334473,18.339244842529297
0.0,62.0,60.0,-2.621252725987233e-08,4.0,-18.385845184326172,1.5680484771728516,18.25139617919922,3.9706742763519287,3.141594886779785,-3.99784517288208,18.106769561767578
0.0,62.0,60.0,-2.627656847664639e-08,4.0,-18.151891708374023,1.568045973777771,18.017478942871094,3.971339225769043,3.141594409942627,-3.997847080230713,17.87281608581543
0.0,62.0,60.0,-2.634198814632782e-08,4.0,-17.916467666625977,1.5680383443832397,17.782089233398438,3.972039222717285,3.141594171524048,-3.99784779548645,17.637393951416016
0.0,62.0,60.0,-2.641914598200401e-08,4.0,-17.679580688476562,1.5680255889892578,17.54523468017578,3.97277569770813,3.1415939331054688,-3.9978487491607666,17.400508880615234
0.0,62.0,60.0,-2.6484896054057572e-08,4.0,-17.441238403320312,1.5680073499679565,17.306928634643555,3.9735512733459473,3.1415936946868896,-3.997849941253662,17.162166595458984
0.0,62.0,60.0,-2.6555531107419483e-08,4.0,-17.201448440551758,1.567983865737915,17.067171096801758,3.9743661880493164,3.1415934562683105,-3.9978508949279785,16.92237663269043
0.0,62.0,60.0,-2.6623856896890175e-08,4.0,-16.960216522216797,1.5679548978805542,16.825971603393555,3.975222587585449,3.1415932178497314,-3.997852087020874,16.68114471435547
0.0,62.0,60.0,-2.669602316984765e-08,4.0,-16.717548370361328,1.5679192543029785,16.583335876464844,3.9761273860931396,3.1415929794311523,-3.9978530406951904,16.4384765625
0.0,62.0,60.0,-2.676230614895303e-08,4.0,-16.473451614379883,1.5679577589035034,16.339271545410156,3.9766132831573486,3.1415929794311523,-3.9978530406951904,16.194379806518555
0.0,62.0,60.0,-2.684600808322557e-08,4.0,-16.227933883666992,1.5679808855056763,16.093786239624023,3.977144241333008,3.1415929794311523,-3.9978530406951904,15.948862075805664
0.0,62.0,60.0,-2.6908702821515362e-08,4.0,-15.981000900268555,1.5680078268051147,15.846885681152344,3.9776649475097656,3.1415929794311523,-3.9978530406951904,15.701929092407227
0.0,62.0,60.0,-2.695844081301857e-08,4.0,-15.732658386230469,1.5680302381515503,15.5985746383667,3.9782135486602783,3.1415929794311523,-3.9978530406951904,15.45358657836914
0.0,62.0,60.0,-2.700997647764325e-08,4.0,-15.482913970947266,1.5680487155914307,15.348862648010254,3.978790283203125,3.1415929794311523,-3.9978530406951904,15.203842163085938
0.0,62.0,60.0,-2.706980417599425e-08,4.0,-15.231773376464844,1.568061351776123,15.09775447845459,3.979404926300049,3.1415929794311523,-3.9978530406951904,14.952701568603516
0.0,62.0,60.0,-2.7123157053665636e-08,4.0,-14.979242324829102,1.5680674314498901,14.845254898071289,3.980062246322632,3.1415929794311523,-3.9978530406951904,14.700172424316406
0.0,62.0,60.0,-2.718312508420695e-08,4.0,-14.72532844543457,1.5680662393569946,14.591374397277832,3.9807674884796143,3.1415929794311523,-3.9978530406951904,14.446258544921875
0.0,62.0,60.0,-2.7239257960331997e-08,4.0,-14.470037460327148,1.5680571794509888,14.336113929748535,3.981525421142578,3.1415929794311523,-3.9978530406951904,14.190967559814453
0.0,62.0,60.0,-2.7276145786458983e-08,4.0,-14.213375091552734,1.5680392980575562,14.079482078552246,3.9823429584503174,3.1415929794311523,-3.9978530406951904,13.934305191040039
0.0,62.0,60.0,-2.7320778528405754e-08,4.0,-13.955345153808594,1.5680124759674072,13.82148551940918,3.983222723007202,3.1415929794311523,-3.9978530406951904,13.676275253295898
0.0,62.0,60.0,-2.7351367393180226e-08,4.0,-13.695955276489258,1.5679757595062256,13.562128067016602,3.9841721057891846,3.1415929794311523,-3.9978530406951904,13.416885375976562
0.0,62.0,60.0,-2.739500892801061e-08,4.0,-13.435211181640625,1.5679287910461426,13.301416397094727,3.985196113586426,3.1415929794311523,-3.9978530406951904,13.15614128112793
0.0,62.0,60.0,-2.7437804916985442e-08,4.0,-13.173118591308594,1.567868709564209,13.039358139038086,3.9863107204437256,3.1415929794311523,-3.9978530406951904,12.894048690795898
0.0,62.0,60.0,-2.7478135322667185e-08,4.0,-12.909683227539062,1.5679404735565186,12.775951385498047,3.986677885055542,3.1415929794311523,-3.9978530406951904,12.630613327026367
0.0,62.0,60.0,-2.7533372914945176e-08,4.0,-12.64491081237793,1.5679857730865479,12.511209487915039,3.987114906311035,3.1415929794311523,-3.9978530406951904,12.365840911865234
0.0,62.0,60.0,-2.7577003791634525e-08,4.0,-12.378807067871094,1.5680372714996338,12.245135307312012,3.9875314235687256,3.1415929794311523,-3.9978530406951904,12.099737167358398
0.0,62.0,60.0,-2.7304423610985395e-08,4.0,-12.11137580871582,1.568079948425293,11.977733612060547,3.987997531890869,3.1415929794311523,-3.9978530406951904,11.832305908203125
0.0,62.0,60.0,-2.702173773627692e-08,4.0,-11.842622756958008,1.5681143999099731,11.70901107788086,3.988515853881836,3.1415929794311523,-3.9978530406951904,11.563552856445312
0.0,62.0,60.0,-2.71434075216348e-08,4.0,-11.572553634643555,1.56813645362854,11.438972473144531,3.989109516143799,3.1415929794311523,-3.9978530406951904,11.293485641479492
0.0,62.0,60.0,-2.685839106675303e-08,4.0,-11.30117416381836,1.5681440830230713,11.167623519897461,3.989793062210083,3.1415929794311523,-3.9978530406951904,11.022106170654297
0.0,62.0,60.0,-2.656931563649323e-08,4.0,-11.02849006652832,1.5681345462799072,10.894968032836914,3.9905848503112793,3.1415929794311523,-3.9978530406951904,10.749420166015625
0.0,62.0,60.0,-2.6290301491371793e-08,4.0,-10.75450325012207,1.5681051015853882,10.621013641357422,3.9915049076080322,3.1415929794311523,-3.9978530406951904,10.475435256958008
0.0,62.0,60.0,-2.600013360165576e-08,4.0,-10.479223251342773,1.5680514574050903,10.34576416015625,3.9925832748413086,3.1415929794311523,-3.9978530406951904,10.200153350830078
0.0,62.0,60.0,-2.5720709118104423e-08,4.0,-10.202651977539062,1.5679705142974854,10.069223403930664,3.993845224380493,3.1415929794311523,-3.9978530406951904,9.923582077026367
0.0,62.0,60.0,-2.5767294076217695e-08,4.0,-9.924795150756836,1.567856788635254,9.791397094726562,3.995330333709717,3.1415929794311523,-3.9978530406951904,9.64572525024414
0.0,62.0,60.0,-2.580059721424277e-08,4.0,-9.64565658569336,1.5676946640014648,9.512292861938477,3.997131109237671,3.1415929794311523,-3.9978530406951904,9.366588592529297
0.0,62.0,60.0,-2.5536813552662352e-08,4.0,-9.365243911743164,1.5679296255111694,9.231904983520508,3.9966750144958496,3.1415929794311523,-3.9978530406951904,9.086174011230469
0.0,62.0,60.0,-2.5579572238143555e-08,4.0,-9.083559036254883,1.568105697631836,8.950246810913086,3.9962921142578125,3.1415929794311523,-3.9978530406951904,8.804489135742188
0.0,62.0,60.0,-2.5639733891580363e-08,4.0,-8.800607681274414,1.5683188438415527,8.667320251464844,3.9957082271575928,3.1415929794311523,-3.9978530406951904,8.521537780761719
0.0,62.0,60.0,-2.5680462201194132e-08,4.0,-8.516393661499023,1.5685303211212158,8.383134841918945,3.99509334564209,3.1415929794311523,-3.9978530406951904,8.237323760986328
0.0,62.0,60.0,-2.5723034369207198e-08,4.0,-8.23092269897461,1.5687428712844849,8.097689628601074,3.99444317817688,3.1415929794311523,-3.9978530406951904,7.951853275299072
0.0,62.0,60.0,-2.5752987298233165e-08,4.0,-7.944198131561279,1.568993091583252,7.810992240905762,3.9935972690582275,3.1415929794311523,-3.9978530406951904,7.6651291847229
0.0,62.0,60.0,-2.610241267575475e-08,4.0,-7.656226634979248,1.5659430027008057,7.523186683654785,4.011963844299316,3.1415929794311523,-3.9978530406951904,7.377157688140869
0.0,62.0,60.0,-2.613931826545013e-08,4.0,-7.367010593414307,1.5620566606521606,7.234369277954102,4.037769317626953,3.141636371612549,-3.997661828994751,7.087941646575928
0.0,62.0,60.0,4.324665496824309e-05,3.999809503555298,-7.0765557289123535,1.5545446872711182,6.945080757141113,4.085959434509277,3.138366222381592,-4.016838073730469,6.797605037689209
0.0,62.0,60.0,-0.0032413278240710497,4.019070148468018,-6.784984111785889,1.5439043045043945,6.6560378074646,4.155893802642822,3.1322829723358154,-4.055055618286133,6.506544589996338
0.0,62.0,60.0,-0.009351035580039024,4.05745792388916,-6.492697238922119,1.5296992063522339,6.368231773376465,4.250460147857666,3.1228461265563965,-4.115665912628174,6.215376853942871
0.0,62.0,60.0,-0.01882839761674404,4.118339538574219,-6.200314044952393,1.5117791891098022,6.0829668045043945,4.371333599090576,3.109947443008423,-4.2001729011535645,5.924978733062744
0.0,62.0,60.0,-0.03178202733397484,4.203228950500488,-5.908717632293701,1.4967401027679443,5.796962261199951,4.4811625480651855,3.0934035778045654,-4.310383319854736,5.636528491973877
0.0,62.0,60.0,-0.04839591309428215,4.313941955566406,-5.619096279144287,1.476755976676941,5.514730930328369,4.621216773986816,3.073107957839966,-4.447761058807373,5.35152006149292
0.0,62.0,60.0,-0.06877653300762177,4.451950550079346,-5.332955360412598,1.4538679122924805,5.237606048583984,4.785264015197754,3.0489752292633057,-4.613619804382324,5.07179594039917
0.0,62.0,60.0,-0.0930095687508583,4.6185760498046875,-5.052150249481201,1.427182674407959,4.967895030975342,4.977959632873535,3.020953416824341,-4.8090291023254395,4.799543857574463
0.0,62.0,60.0,-0.12114694714546204,4.814891338348389,-4.778886795043945,1.3968489170074463,4.70790433883667,5.1993632316589355,2.989016056060791,-5.034790515899658,4.5373053550720215
0.0,62.0,60.0,-0.1532154232263565,5.041704177856445,-4.515726089477539,1.3627302646636963,4.460384845733643,5.450497627258301,2.9531173706054688,-5.2915754318237305,4.288003921508789
0.0,62.0,60.0,-0.18926046788692474,5.299683094024658,-4.265615463256836,1.3247398138046265,4.228452682495117,5.731939315795898,2.9164130687713623,-5.561942100524902,4.048904895782471
0.0,62.0,60.0,-0.22614431381225586,5.571451187133789,-4.025834560394287,1.2892614603042603,4.0014214515686035,6.008668899536133,2.8783323764801025,-5.847397804260254,3.8211164474487305
0.0,62.0,60.0,-0.2620621621608734,5.8454437255859375,-3.7927136421203613,1.248706579208374,3.793671131134033,6.31840705871582,2.839353322982788,-6.145635604858398,3.6050992012023926
0.0,62.0,60.0,-0.3024822473526001,6.150622367858887,-3.577700614929199,1.2116044759750366,3.589940071105957,6.619370937347412,2.799546241760254,-6.456026077270508,3.4015841484069824
0.0,62.0,60.0,-0.3428245484828949,6.465033531188965,-3.3750219345092773,1.169513463973999,3.408508777618408,6.951618194580078,2.759068727493286,-6.7775373458862305,3.2111434936523438
0.0,62.0,60.0,-0.38427698612213135,6.792515277862549,-3.186587333679199,1.1311908960342407,3.230445146560669,7.273705005645752,2.718015193939209,-7.109343528747559,3.0343432426452637
0.0,62.0,60.0,-0.4262705445289612,7.130248546600342,-3.012399673461914,1.0880682468414307,3.077319383621216,7.62460994720459,2.6764729022979736,-7.450608253479004,2.871695041656494
0.0,62.0,60.0,-0.4688500463962555,7.477859020233154,-2.853192090988159,1.045609474182129,2.938001871109009,7.980347633361816,2.6344656944274902,-7.800699234008789,2.7237653732299805
0.0,62.0,60.0,-0.5119319558143616,7.834432601928711,-2.7094814777374268,1.0022461414337158,2.8156144618988037,8.345722198486328,2.5954151153564453,-8.14289665222168,2.579274892807007
0.0,62.0,60.0,-0.5521071553230286,8.183340072631836,-2.569899559020996,0.9585946202278137,2.709458827972412,8.717727661132812,2.5522103309631348,-8.508871078491211,2.461254596710205
0.0,62.0,60.0,-0.5964635014533997,8.55594253540039,-2.45772123336792,0.914533793926239,2.6202592849731445,9.096086502075195,2.509784460067749,-8.877933502197266,2.3570797443389893
0.0,62.0,60.0,-0.640066921710968,8.931571960449219,-2.360196590423584,0.8701658248901367,2.548217296600342,9.479702949523926,2.466681718826294,-9.25414752960205,2.2700352668762207
0.0,62.0,60.0,-0.6843673586845398,9.314199447631836,-2.2806403636932373,0.8255081176757812,2.4936697483062744,9.867757797241211,2.423431634902954,-9.634941101074219,2.1992270946502686
0.0,62.0,60.0,-0.7288320660591125,9.701192855834961,-2.218144178390503,0.7805961966514587,2.4568586349487305,10.25934886932373,2.3799009323120117,-10.020047187805176,2.145315170288086
0.0,62.0,60.0,-0.7735910415649414,10.092207908630371,-2.1733663082122803,0.7354518175125122,2.4380080699920654,10.653604507446289,2.33616304397583,-10.408493041992188,2.108409881591797
0.0,62.0,60.0,-0.8185684084892273,10.486205101013184,-2.146404266357422,0.6900951266288757,2.4372994899749756,11.049640655517578,2.292217969894409,-10.799529075622559,2.0887720584869385
0.0,62.0,60.0,-0.8637616038322449,10.882365226745605,-2.137503147125244,0.6445416808128357,2.454878091812134,11.446575164794922,2.2480852603912354,-11.192329406738281,2.0865676403045654
0.0,62.0,60.0,-0.9091494679450989,11.279796600341797,-2.1468076705932617,0.5988044142723083,2.490849494934082,11.84351921081543,2.2037746906280518,-11.586084365844727,2.1019480228424072
0.0,62.0,60.0,-0.9547209143638611,11.677627563476562,-2.174448013305664,0.5528938174247742,2.5452816486358643,12.239585876464844,2.1592962741851807,-11.979974746704102,2.135024070739746
0.0,62.0,60.0,-1.0004647970199585,12.074970245361328,-2.2205073833465576,0.5068184733390808,2.61820125579834,12.633879661560059,2.114657402038574,-12.373174667358398,2.185873508453369
0.0,62.0,60.0,-1.0463727712631226,12.470941543579102,-2.285031795501709,0.46058541536331177,2.7095956802368164,13.025506973266602,2.0698647499084473,-12.764854431152344,2.2545363903045654
0.0,62.0,60.0,-1.0924376249313354,12.864649772644043,-2.3680262565612793,0.4142005145549774,2.8194077014923096,13.413568496704102,2.024923324584961,-13.154175758361816,2.341015338897705
0.0,62.0,60.0,-1.1386535167694092,13.255203247070312,-2.4694552421569824,0.36766862869262695,2.9475409984588623,13.797167778015137,1.979837417602539,-13.540304183959961,2.4452760219573975
0.0,62.0,60.0,-1.1850157976150513,13.641709327697754,-2.589240312576294,0.32095247507095337,3.094027042388916,14.175466537475586,1.9346106052398682,-13.922399520874023,2.567246437072754
0.0,62.0,60.0,-1.2315202951431274,14.023273468017578,-2.727262496948242,0.27730438113212585,3.2397356033325195,14.544042587280273,1.8892230987548828,-14.299650192260742,2.7069098949432373
0.0,62.0,60.0,-1.2782070636749268,14.39906120300293,-2.883542060852051,0.23641866445541382,3.3831233978271484,14.904409408569336,1.845481038093567,-14.669265747070312,2.8535690307617188
0.0,62.0,60.0,-1.321640968322754,14.764998435974121,-3.0377707481384277,0.19884493947029114,3.5201334953308105,15.257209777832031,1.804747462272644,-15.030418395996094,2.9973158836364746
0.0,62.0,60.0,-1.3623111248016357,15.122880935668945,-3.189354181289673,0.1647750437259674,3.6482954025268555,15.603652954101562,1.7671139240264893,-15.384231567382812,3.135650157928467
0.0,62.0,60.0,-1.3996150493621826,15.473418235778809,-3.3340601921081543,0.13446101546287537,3.7649776935577393,15.94491958618164,1.7329552173614502,-15.731698036193848,3.2653415203094482
0.0,62.0,60.0,-1.4333802461624146,15.817911148071289,-3.4695215225219727,0.10809285193681717,3.8678503036499023,16.282211303710938,1.7024884223937988,-16.074018478393555,3.383896827697754
0.0,62.0,60.0,-1.4633498191833496,16.157604217529297,-3.5931053161621094,0.08565573394298553,3.9558022022247314,16.616710662841797,1.67593514919281,-16.412376403808594,3.4888598918914795
0.0,62.0,60.0,-1.4893391132354736,16.493759155273438,-3.7025251388549805,0.0663907378911972,4.03218936920166,16.949615478515625,1.6531437635421753,-16.747997283935547,3.5799243450164795
0.0,62.0,60.0,-1.5111782550811768,16.827545166015625,-3.7955894470214844,0.05012883245944977,4.097499370574951,17.28165626525879,1.6335358619689941,-17.082000732421875,3.6595234870910645
0.0,62.0,60.0,-1.528712511062622,17.159988403320312,-3.8701817989349365,0.03654393553733826,4.152788162231445,17.61343765258789,1.6169190406799316,-17.41512680053711,3.7281854152679443
0.0,62.0,60.0,-1.542951226234436,17.492034912109375,-3.9309399127960205,0.025382239371538162,4.1988115310668945,17.945396423339844,1.6030055284500122,-17.747989654541016,3.786764621734619
0.0,62.0,60.0,-1.55452561378479,17.82425308227539,-3.9811506271362305,0.01634247601032257,4.2366108894348145,18.27785873413086,1.591525673866272,-18.081031799316406,3.836094379425049
0.0,62.0,60.0,-1.5637282133102417,18.157005310058594,-4.0219855308532715,0.009178703650832176,4.266998291015625,18.61104965209961,1.5822052955627441,-18.41458511352539,3.8770742416381836
0.0,62.0,60.0,-1.5708918571472168,18.490541458129883,-4.054656982421875,0.0036316742189228535,4.290892124176025,18.94512176513672,1.5747791528701782,-18.748882293701172,3.910611629486084
0.0,62.0,60.0,-1.576308012008667,18.82501792907715,-4.080227375030518,-0.0005357656627893448,4.309159278869629,19.280179977416992,1.5689935684204102,-19.08407974243164,3.9376044273376465
0.0,62.0,60.0,-1.5802507400512695,19.160533905029297,-4.099715232849121,-0.003545036306604743,4.322631359100342,19.61627960205078,1.5646092891693115,-19.42028045654297,3.9589245319366455
0.0,62.0,60.0,-1.5829507112503052,19.497142791748047,-4.113959789276123,-0.005580019671469927,4.331979751586914,19.95345687866211,1.5614231824874878,-19.757543563842773,3.9752931594848633
0.0,62.0,60.0,-1.5846363306045532,19.83486557006836,-4.123839855194092,-0.006826720200479031,4.337930202484131,20.29172706604004,1.559228777885437,-20.095901489257812,3.9874939918518066
0.0,62.0,60.0,-1.5855087041854858,20.173709869384766,-4.130151748657227,-0.007429821416735649,4.341032028198242,20.631092071533203,1.557861328125,-20.435367584228516,3.9961354732513428
0.0,62.0,60.0,-1.5857292413711548,20.513675689697266,-4.133519172668457,-0.007519417908042669,4.341782569885254,20.971553802490234,1.5571513175964355,-20.77594757080078,4.001889705657959
0.0,62.0,60.0,-1.5854401588439941,20.85474967956543,-4.134494781494141,-0.007226192392408848,4.340726375579834,21.3131046295166,1.5569708347320557,-21.117631912231445,4.005249977111816
0.0,62.0,60.0,-1.5847814083099365,21.196922302246094,-4.1336669921875,-0.006643183995038271,4.338240623474121,21.655738830566406,1.5571850538253784,-21.46041488647461,4.006777286529541
0.0,62.0,60.0,-1.5838528871536255,21.540180206298828,-4.1314473152160645,-0.005852674599736929,4.334660530090332,21.99945068359375,1.5577187538146973,-21.80428695678711,4.006741046905518
0.0,62.0,60.0,-1.582741618156433,21.884519577026367,-4.128195762634277,-0.004921457730233669,4.330262184143066,22.3442325592041,1.5584653615951538,-22.149242401123047,4.005598068237305
0.0,62.0,60.0,-1.5815178155899048,22.22992706298828,-4.124209880828857,-0.003925180062651634,4.325397968292236,22.690082550048828,1.559360146522522,-22.495269775390625,4.0036234855651855
0.0,62.0,60.0,-1.5802382230758667,22.576396942138672,-4.1197357177734375,-0.0028854028787463903,4.320144176483154,23.036991119384766,1.5603445768356323,-22.842365264892578,4.001063823699951
0.0,62.0,60.0,-1.5789682865142822,22.923927307128906,-4.115091800689697,-0.0018411653582006693,4.314666271209717,23.384963989257812,1.5613524913787842,-23.190521240234375,3.9982383251190186
0.0,62.0,60.0,-1.5777196884155273,23.27251434326172,-4.110321521759033,-0.0008382347295992076,4.309201717376709,23.733989715576172,1.5623704195022583,-23.539735794067383,3.9951913356781006
0.0,62.0,60.0,-1.576522707939148,23.622154235839844,-4.10556173324585,0.00010553047468420118,4.3038506507873535,24.084068298339844,1.5633660554885864,-23.890003204345703,3.992063522338867
0.0,62.0,60.0,-1.5754151344299316,23.972843170166016,-4.101022720336914,0.0009958905866369605,4.298573970794678,24.435199737548828,1.56432044506073,-24.241323471069336,3.988948106765747
0.0,62.0,60.0,-1.574385643005371,24.324581146240234,-4.096652507781982,0.001799395540729165,4.293553352355957,24.787384033203125,1.5651971101760864,-24.593690872192383,3.9860472679138184
0.0,62.0,60.0,-1.5734673738479614,24.677364349365234,-4.092635631561279,0.0025371192023158073,4.288690567016602,25.140613555908203,1.5660103559494019,-24.947105407714844,3.983293294906616
0.0,62.0,60.0,-1.5726372003555298,25.031192779541016,-4.088870048522949,0.003180380444973707,4.284146308898926,25.494892120361328,1.566750168800354,-25.301563262939453,3.9807357788085938
0.0,62.0,60.0,-1.571921706199646,25.386066436767578,-4.08551025390625,0.0037567296531051397,4.279794692993164,25.8502140045166,1.5673937797546387,-25.657060623168945,3.978519916534424
0.0,62.0,60.0,-1.5712916851043701,25.741979598999023,-4.082427024841309,0.004241343587636948,4.275778770446777,26.20657730102539,1.5679659843444824,-26.013599395751953,3.976531505584717
0.0,62.0,60.0,-1.5707472562789917,26.09893226623535,-4.079625129699707,0.0046655405312776566,4.27195405960083,26.563982009887695,1.5684643983840942,-26.37117576599121,3.974785327911377
0.0,62.0,60.0,-1.5703033208847046,26.456924438476562,-4.077216625213623,0.005029358435422182,4.268320560455322,26.92242431640625,1.568894863128662,-26.729787826538086,3.9732675552368164
0.0,62.0,60.0,-1.5699278116226196,26.81595230102539,-4.0750532150268555,0.005317095201462507,4.264988899230957,27.281904220581055,1.5692386627197266,-27.089435577392578,3.97210431098938
0.0,62.0,60.0,-1.5696184635162354,27.176010131835938,-4.073127269744873,0.005560684483498335,4.261807918548584,27.64241600036621,1.5695273876190186,-27.450111389160156,3.9711477756500244
0.0,62.0,60.0,-1.5693657398223877,27.5371036529541,-4.071406364440918,0.005737566389143467,4.258907794952393,28.003957748413086,1.5697617530822754,-27.811817169189453,3.970395088195801
0.0,62.0,60.0,-1.5691864490509033,27.89922332763672,-4.070006370544434,0.005882102996110916,4.256124019622803,28.36652946472168,1.5699496269226074,-28.174549102783203,3.9698193073272705
0.0,62.0,60.0,-1.569046974182129,28.262371063232422,-4.068767070770264,0.005994646344333887,4.2534499168396,28.730127334594727,1.570096492767334,-28.538307189941406,3.969402551651001
0.0,62.0,60.0,-1.5689456462860107,28.62653923034668,-4.0676774978637695,0.006083006039261818,4.2508544921875,29.094745635986328,1.570208191871643,-28.903085708618164,3.969125747680664
0.0,62.0,60.0,-1.5688743591308594,28.991731643676758,-4.066706657409668,0.006126888561993837,4.248464584350586,29.460386276245117,1.5702898502349854,-29.268882751464844,3.968970775604248
0.0,62.0,60.0,-1.5688278675079346,29.357942581176758,-4.065835475921631,0.006158700678497553,4.246120452880859,29.827045440673828,1.5703462362289429,-29.635698318481445,3.968920946121216
0.0,62.0,60.0,-1.5688010454177856,29.725168228149414,-4.065044403076172,0.006177302449941635,4.243818283081055,30.194717407226562,1.570381760597229,-30.003528594970703,3.968960762023926
0.0,62.0,60.0,-1.5687894821166992,30.093406677246094,-4.0643157958984375,0.006188451312482357,4.2415337562561035,30.563404083251953,1.5704001188278198,-30.37236976623535,3.96907639503479
0.0,62.0,60.0,-1.5687892436981201,30.462657928466797,-4.063634872436523,0.00616891123354435,4.239405155181885,30.933101654052734,1.5704048871994019,-30.74222183227539,3.969254493713379
0.0,62.0,60.0,-1.568822979927063,30.83292007446289,-4.063138484954834,0.006150724831968546,4.237271785736084,31.303808212280273,1.5703989267349243,-31.113080978393555,3.9694840908050537
0.0,62.0,60.0,-1.5688587427139282,31.204187393188477,-4.062666416168213,0.006130643654614687,4.235136032104492,31.675518035888672,1.5703847408294678,-31.48494529724121,3.9697556495666504
0.0,62.0,60.0,-1.5688996315002441,31.576457977294922,-4.062222003936768,0.006112680770456791,4.232979774475098,32.04823303222656,1.5703644752502441,-31.857812881469727,3.9700605869293213
0.0,62.0,60.0,-1.5689414739608765,31.949731826782227,-4.061787128448486,0.006098490674048662,4.2307939529418945,32.42194747924805,1.5703400373458862,-32.23168182373047,3.970391035079956
0.0,62.0,60.0,-1.568982720375061,32.324005126953125,-4.06135368347168,0.006061846856027842,4.228731632232666,32.796661376953125,1.5703128576278687,-32.606544494628906,3.970741033554077
0.0,62.0,60.0,-1.5690219402313232,32.699275970458984,-4.060914993286133,0.006034503690898418,4.226629734039307,33.17237091064453,1.5702840089797974,-32.98240661621094,3.97110652923584
0.0,62.0,60.0,-1.5690581798553467,33.07554244995117,-4.0604658126831055,0.006011634599417448,4.224496841430664,33.549072265625,1.5702546834945679,-33.3592643737793,3.9714818000793457
0.0,62.0,60.0,-1.5690906047821045,33.45280075073242,-4.060002326965332,0.0059961373917758465,4.222318649291992,33.9267692565918,1.570225477218628,-33.73711013793945,3.9718644618988037
0.0,62.0,60.0,-1.569118857383728,33.83104705810547,-4.059520721435547,0.005959515925496817,4.220259189605713,34.30545425415039,1.5701969861984253,-34.11594772338867,3.9722516536712646
0.0,62.0,60.0,-1.5691426992416382,34.21028518676758,-4.059020042419434,0.005934617947787046,4.218149185180664,34.68512725830078,1.5701695680618286,-34.49576950073242,3.9726414680480957
0.0,62.0,60.0,-1.5691620111465454,34.59050750732422,-4.058498382568359,0.005915643647313118,4.216000556945801,35.0657844543457,1.5701435804367065,-34.87657928466797,3.973031997680664
0.0,62.0,60.0,-1.5691769123077393,34.97171401977539,-4.057955741882324,0.00590509781613946,4.213799953460693,35.447425842285156,1.570119023323059,-35.25836944580078,3.973423480987549
0.0,62.0,60.0,-1.5691875219345093,35.353904724121094,-4.057391166687012,0.0059030139818787575,4.211544990539551,35.83004379272461,1.5700961351394653,-35.64113998413086,3.973814010620117
0.0,62.0,60.0,-1.5691940784454346,35.7370719909668,-4.056804656982422,0.005878842901438475,4.20941162109375,36.21364212036133,1.5700749158859253,-36.02488708496094,3.9742038249969482
0.0,62.0,60.0,-1.5691968202590942,36.1212158203125,-4.056197166442871,0.005866898689419031,4.207223892211914,36.59822082519531,1.5700552463531494,-36.409610748291016,3.974592685699463
0.0,62.0,60.0,-1.569196105003357,36.50633239746094,-4.055568695068359,0.005860803183168173,4.204993724822998,36.983768463134766,1.5700370073318481,-36.795310974121094,3.9749810695648193
0.0,62.0,60.0,-1.5691922903060913,36.892425537109375,-4.0549211502075195,0.0058634052984416485,4.202707290649414,37.37028884887695,1.5700201988220215,-37.18198013305664,3.9753689765930176
0.0,62.0,60.0,-1.5691852569580078,37.27948760986328,-4.054252624511719,0.005841727834194899,4.2005534172058105,37.75777816772461,1.5700042247772217,-37.56962203979492,3.9757587909698486
0.0,62.0,60.0,-1.5692076683044434,37.667518615722656,-4.053752422332764,0.005832497030496597,4.198342800140381,38.146236419677734,1.570021629333496,-37.958229064941406,3.9759607315063477
0.0,62.0,60.0,-1.5692232847213745,38.0565185546875,-4.0532355308532715,0.005828934721648693,4.196090221405029,38.53565979003906,1.570035457611084,-38.347801208496094,3.9761624336242676
0.0,62.0,60.0,-1.5692389011383057,38.44648361206055,-4.052717685699463,0.005833648610860109,4.193781852722168,38.926048278808594,1.5700520277023315,-38.738338470458984,3.9763495922088623
0.0,62.0,60.0,-1.5692516565322876,38.83740997314453,-4.052186012268066,0.005846541374921799,4.191416263580322,39.31739807128906,1.5700682401657104,-39.12983703613281,3.976536273956299
0.0,62.0,60.0,-1.5692617893218994,39.22929763793945,-4.051639556884766,0.00583302928134799,4.189191818237305,39.70970916748047,1.5700838565826416,-39.52229309082031,3.97672438621521
0.0,62.0,60.0,-1.5692689418792725,39.62214279174805,-4.051076889038086,0.005831950344145298,4.1869096755981445,40.10297775268555,1.5700981616973877,-39.915706634521484,3.976917266845703
0.0,62.0,60.0,-1.5692731142044067,40.01594543457031,-4.050497055053711,0.005836137104779482,4.184585094451904,40.49720001220703,1.5701109170913696,-40.31007766723633,3.977116346359253
0.0,62.0,60.0,-1.5692743062973022,40.410701751708984,-4.049898624420166,0.005848696921020746,4.182201862335205,40.89237594604492,1.5701218843460083,-40.70539855957031,3.977323293685913
0.0,62.0,60.0,-1.5692726373672485,40.80641174316406,-4.049281597137451,0.005832734517753124,4.179971694946289,41.28850173950195,1.5701308250427246,-41.1016731262207,3.977539539337158
0.0,62.0,60.0,-1.5692682266235352,41.20307159423828,-4.048646926879883,0.005829515866935253,4.177683353424072,41.685577392578125,1.570137858390808,-41.498897552490234,3.9777650833129883
0.0,62.0,60.0,-1.5692611932754517,41.600677490234375,-4.047993183135986,0.00583183066919446,4.175350189208984,42.08360290527344,1.5701428651809692,-41.89706802368164,3.9780008792877197
0.0,62.0,60.0,-1.5692517757415771,41.999229431152344,-4.047321319580078,0.005842719692736864,4.172956943511963,42.482574462890625,1.5701459646224976,-42.29618453979492,3.9782466888427734
0.0,62.0,60.0,-1.5692400932312012,42.39872741699219,-4.046631336212158,0.00586201436817646,4.170501708984375,42.88248825073242,1.5701472759246826,-42.69624328613281,3.9785027503967285
